Datum,Uhrzeit,ADC_Wert,PPM
2026-03-25,10:11:03,60,412.52
2026-03-25,10:11:05,52,271.27
2026-03-25,10:11:07,51,256.34
2026-03-25,10:11:09,52,271.27
2026-03-25,10:11:11,51,256.34
2026-03-25,10:11:13,51,256.34
2026-03-25,10:11:15,51,256.34
2026-03-25,10:11:17,51,256.34
2026-03-25,10:11:19,51,256.34
2026-03-25,10:11:21,53,286.78
2026-03-25,10:11:23,52,271.27
2026-03-25,10:11:25,51,256.34
2026-03-25,10:11:27,51,256.34
2026-03-25,10:11:29,51,256.34
2026-03-25,10:11:31,50,241.97
2026-03-25,10:11:33,51,256.34
2026-03-25,10:11:35,51,256.34
2026-03-25,10:11:37,51,256.34
2026-03-25,10:11:39,51,256.34
2026-03-25,10:11:41,51,256.34
2026-03-25,10:11:43,51,256.34
2026-03-25,10:11:45,50,241.97
2026-03-25,10:11:47,50,241.97
2026-03-25,10:11:49,50,241.97
2026-03-25,10:11:51,50,241.97
2026-03-25,10:11:53,45,178.19
2026-03-25,10:11:55,46,189.91
2026-03-25,10:11:57,50,241.97
2026-03-25,10:11:59,55,319.58
2026-03-25,10:12:01,55,319.58
2026-03-25,10:12:03,142,5734.07
2026-03-25,10:12:05,139,5354.22
2026-03-25,10:12:07,139,5354.22
2026-03-25,10:12:09,144,5998.12
2026-03-25,10:12:11,144,5998.12
2026-03-25,10:12:13,152,7145.46
2026-03-25,10:12:15,76,831.5
2026-03-25,10:12:17,81,1006.59
2026-03-25,10:12:19,36,93.65
2026-03-25,10:12:21,87,1248.74
2026-03-25,10:12:23,59,392.63
2026-03-25,10:12:25,61,433.08
2026-03-25,10:12:27,61,433.08
2026-03-25,10:12:29,60,412.52
2026-03-25,10:12:31,60,412.52
2026-03-25,10:12:33,60,412.52
2026-03-25,10:12:35,60,412.52
2026-03-25,10:12:37,61,433.08
2026-03-25,10:12:39,57,354.83
2026-03-25,10:12:41,101,1968.04
2026-03-25,10:12:43,73,737.27
2026-03-25,10:12:45,72,707.58
2026-03-25,10:12:47,71,678.72
2026-03-25,10:12:49,71,678.72
2026-03-25,10:12:51,71,678.72
2026-03-25,10:12:53,71,678.72
2026-03-25,10:12:55,71,678.72
2026-03-25,10:12:57,71,678.72
2026-03-25,10:12:59,70,650.69
2026-03-25,10:13:01,70,650.69
2026-03-25,10:13:03,70,650.69
2026-03-25,10:13:05,70,650.69
2026-03-25,10:13:07,71,678.72
2026-03-25,10:13:09,71,678.72
2026-03-25,10:13:11,72,707.58
2026-03-25,10:13:13,84,1123.11
2026-03-25,10:13:15,82,1044.45
2026-03-25,10:13:17,81,1006.59
2026-03-25,10:13:19,78,898.76
2026-03-25,10:13:21,77,864.68
2026-03-25,10:13:23,74,767.81
2026-03-25,10:13:25,81,1006.59
2026-03-25,10:13:27,68,597.02
2026-03-25,10:13:29,68,597.02
2026-03-25,10:13:31,67,571.37
2026-03-25,10:13:33,68,597.02
2026-03-25,10:13:35,78,898.76
2026-03-25,10:13:37,73,737.27
2026-03-25,10:13:39,60,412.52
2026-03-25,10:13:41,62,454.33
2026-03-25,10:13:43,79,933.76
2026-03-25,10:13:45,76,831.5
2026-03-25,10:13:47,74,767.81
2026-03-25,10:13:49,71,678.72
2026-03-25,10:13:51,76,831.5
2026-03-25,10:13:53,77,864.68
2026-03-25,10:13:55,76,831.5
2026-03-25,10:13:57,56,336.89
2026-03-25,10:13:59,67,571.37
2026-03-25,10:14:01,65,522.35
2026-03-25,10:14:03,65,522.35
2026-03-25,10:14:05,64,498.95
2026-03-25,10:14:07,62,454.33
2026-03-25,10:14:09,60,412.52
2026-03-25,10:14:11,59,392.63
2026-03-25,10:14:13,59,392.63
2026-03-25,10:14:15,58,373.4
2026-03-25,10:14:17,58,373.4
2026-03-25,10:14:19,58,373.4
2026-03-25,10:14:21,58,373.4
2026-03-25,10:14:23,57,354.83
2026-03-25,10:14:25,84,1123.11
2026-03-25,10:14:27,61,433.08
2026-03-25,10:14:29,46,189.91
2026-03-25,10:16:26,74,560.41
2026-03-25,10:16:28,66,398.86
2026-03-25,10:16:30,66,398.86
2026-03-25,10:16:32,66,398.86
2026-03-25,10:16:34,66,398.86
2026-03-25,10:16:36,66,398.86
2026-03-25,10:16:38,66,398.86
2026-03-25,10:16:40,66,398.86
2026-03-25,10:16:42,66,398.86
2026-03-25,10:16:44,65,381.25
2026-03-25,10:16:46,65,381.25
2026-03-25,10:16:48,65,381.25
2026-03-25,10:16:50,65,381.25
2026-03-25,10:16:52,65,381.25
2026-03-25,10:16:54,65,381.25
2026-03-25,10:16:56,64,364.17
2026-03-25,10:16:58,65,381.25
2026-03-25,10:17:00,64,364.17
2026-03-25,10:17:02,64,364.17
2026-03-25,10:17:04,64,364.17
2026-03-25,10:17:06,64,364.17
2026-03-25,10:17:08,64,364.17
2026-03-25,10:17:10,64,364.17
2026-03-25,10:17:12,64,364.17
2026-03-25,10:17:14,64,364.17
2026-03-25,10:17:16,64,364.17
2026-03-25,10:17:18,64,364.17
2026-03-25,10:17:20,65,381.25
2026-03-25,10:17:22,64,364.17
2026-03-25,10:17:24,64,364.17
2026-03-25,10:17:26,64,364.17
2026-03-25,10:17:28,64,364.17
2026-03-25,10:17:31,64,364.17
2026-03-25,10:17:33,64,364.17
2026-03-25,10:17:35,64,364.17
2026-03-25,10:17:37,64,364.17
2026-03-25,10:17:39,64,364.17
2026-03-25,10:17:41,64,364.17
2026-03-25,10:17:43,64,364.17
2026-03-25,10:17:45,64,364.17
2026-03-25,10:17:47,65,381.25
2026-03-25,10:17:49,64,364.17
2026-03-25,10:17:51,64,364.17
2026-03-25,10:17:53,64,364.17
2026-03-25,10:17:55,63,347.63
2026-03-25,10:17:57,64,364.17
2026-03-25,10:17:59,64,364.17
2026-03-25,10:18:01,64,364.17
2026-03-25,10:18:03,64,364.17
2026-03-25,10:18:05,64,364.17
2026-03-25,10:18:07,64,364.17
2026-03-25,10:18:09,64,364.17
2026-03-25,10:18:11,64,364.17
2026-03-25,10:18:13,63,347.63
2026-03-25,10:18:15,64,364.17
2026-03-25,10:18:17,64,364.17
2026-03-25,10:18:19,64,364.17
2026-03-25,10:18:21,64,364.17
2026-03-25,10:18:23,64,364.17
2026-03-25,10:18:25,64,364.17
2026-03-25,10:18:27,64,364.17
2026-03-25,10:18:29,64,364.17
2026-03-25,10:18:31,64,364.17
2026-03-25,10:18:33,64,364.17
2026-03-25,10:18:35,63,347.63
2026-03-25,10:18:37,63,347.63
2026-03-25,10:18:39,63,347.63
2026-03-25,10:18:41,63,347.63
2026-03-25,10:18:43,63,347.63
2026-03-25,10:18:45,63,347.63
2026-03-25,10:18:47,64,364.17
2026-03-25,10:18:49,64,364.17
2026-03-25,10:18:51,64,364.17
2026-03-25,10:18:53,64,364.17
2026-03-25,10:18:55,64,364.17
2026-03-25,10:18:57,64,364.17
2026-03-25,10:18:59,64,364.17
2026-03-25,10:19:01,64,364.17
2026-03-25,10:19:03,63,347.63
2026-03-25,10:19:05,63,347.63
2026-03-25,10:19:07,63,347.63
2026-03-25,10:19:09,63,347.63
2026-03-25,10:19:11,63,347.63
2026-03-25,10:19:13,63,347.63
2026-03-25,10:19:15,63,347.63
2026-03-25,10:19:17,63,347.63
2026-03-25,10:19:19,63,347.63
2026-03-25,10:19:21,63,347.63
2026-03-25,10:19:23,63,347.63
2026-03-25,10:19:25,63,347.63
2026-03-25,10:19:27,63,347.63
2026-03-25,10:19:29,62,331.6
2026-03-25,10:19:31,63,347.63
2026-03-25,10:19:33,62,331.6
2026-03-25,10:19:35,63,347.63
2026-03-25,10:19:37,63,347.63
2026-03-25,10:19:39,62,331.6
2026-03-25,10:19:41,63,347.63
2026-03-25,10:19:43,62,331.6
2026-03-25,10:19:45,62,331.6
2026-03-25,10:19:47,62,331.6
2026-03-25,10:19:49,62,331.6
2026-03-25,10:19:51,63,347.63
2026-03-25,10:19:53,62,331.6
2026-03-25,10:19:55,62,331.6
2026-03-25,10:19:57,62,331.6
2026-03-25,10:19:59,62,331.6
2026-03-25,10:20:01,62,331.6
2026-03-25,10:20:03,62,331.6
2026-03-25,10:20:05,62,331.6
2026-03-25,10:20:07,62,331.6
2026-03-25,10:20:09,63,347.63
2026-03-25,10:20:11,63,347.63
2026-03-25,10:20:13,62,331.6
2026-03-25,10:20:15,62,331.6
2026-03-25,10:20:17,62,331.6
2026-03-25,10:20:19,62,331.6
2026-03-25,10:20:21,63,347.63
2026-03-25,10:20:23,62,331.6
2026-03-25,10:20:25,63,347.63
2026-03-25,10:20:27,62,331.6
2026-03-25,10:20:29,62,331.6
2026-03-25,10:20:31,62,331.6
2026-03-25,10:20:33,62,331.6
2026-03-25,10:20:35,63,347.63
2026-03-25,10:20:37,63,347.63
2026-03-25,10:20:39,63,347.63
2026-03-25,10:20:41,63,347.63
2026-03-25,10:20:43,62,331.6
2026-03-25,10:20:45,62,331.6
2026-03-25,10:20:47,62,331.6
2026-03-25,10:20:49,62,331.6
2026-03-25,10:20:51,62,331.6
2026-03-25,10:20:53,62,331.6
2026-03-25,10:20:55,62,331.6
2026-03-25,10:20:57,62,331.6
2026-03-25,10:20:59,62,331.6
2026-03-25,10:21:01,62,331.6
2026-03-25,10:21:03,61,316.09
2026-03-25,10:21:05,61,316.09
2026-03-25,10:21:07,62,331.6
2026-03-25,10:21:09,62,331.6
2026-03-25,10:21:11,62,331.6
2026-03-25,10:21:13,62,331.6
2026-03-25,10:21:15,62,331.6
2026-03-25,10:21:17,62,331.6
2026-03-25,10:21:19,61,316.09
2026-03-25,10:21:21,61,316.09
2026-03-25,10:21:23,61,316.09
2026-03-25,10:21:25,62,331.6
2026-03-25,10:21:27,61,316.09
2026-03-25,10:21:29,61,316.09
2026-03-25,10:21:31,61,316.09
2026-03-25,10:21:33,61,316.09
2026-03-25,10:21:35,61,316.09
2026-03-25,10:21:37,61,316.09
2026-03-25,10:21:39,62,331.6
2026-03-25,10:21:41,62,331.6
2026-03-25,10:21:43,62,331.6
2026-03-25,10:21:45,61,316.09
2026-03-25,10:21:47,61,316.09
2026-03-25,10:21:49,61,316.09
2026-03-25,10:21:51,61,316.09
2026-03-25,10:21:53,61,316.09
2026-03-25,10:21:55,61,316.09
2026-03-25,10:21:57,61,316.09
2026-03-25,10:21:59,62,331.6
2026-03-25,10:22:01,61,316.09
2026-03-25,10:22:03,61,316.09
2026-03-25,10:22:05,61,316.09
2026-03-25,10:22:07,59,286.57
2026-03-25,10:22:09,61,316.09
2026-03-25,10:22:11,61,316.09
2026-03-25,10:22:13,62,331.6
2026-03-25,10:22:15,62,331.6
2026-03-25,10:22:17,62,331.6
2026-03-25,10:22:19,62,331.6
2026-03-25,10:22:21,62,331.6
2026-03-25,10:22:23,62,331.6
2026-03-25,10:22:25,61,316.09
2026-03-25,10:22:27,62,331.6
2026-03-25,10:22:29,62,331.6
2026-03-25,10:22:31,61,316.09
2026-03-25,10:22:33,61,316.09
2026-03-25,10:22:35,61,316.09
2026-03-25,10:22:37,61,316.09
2026-03-25,10:22:39,61,316.09
2026-03-25,10:22:41,61,316.09
2026-03-25,10:22:43,61,316.09
2026-03-25,10:22:45,61,316.09
2026-03-25,10:22:47,61,316.09
2026-03-25,10:22:49,61,316.09
2026-03-25,10:22:51,61,316.09
2026-03-25,10:22:53,61,316.09
2026-03-25,10:22:55,61,316.09
2026-03-25,10:22:57,61,316.09
2026-03-25,10:22:59,61,316.09
2026-03-25,10:23:01,61,316.09
2026-03-25,10:23:03,61,316.09
2026-03-25,10:23:05,61,316.09
2026-03-25,10:23:07,62,331.6
2026-03-25,10:23:09,67,417.03
2026-03-25,10:23:11,67,417.03
2026-03-25,10:23:13,66,398.86
2026-03-25,10:23:15,66,398.86
2026-03-25,10:23:17,66,398.86
2026-03-25,10:23:19,66,398.86
2026-03-25,10:23:21,66,398.86
2026-03-25,10:23:23,66,398.86
2026-03-25,10:23:25,66,398.86
2026-03-25,10:23:27,66,398.86
2026-03-25,10:23:29,66,398.86
2026-03-25,10:23:31,66,398.86
2026-03-25,10:23:33,66,398.86
2026-03-25,10:23:35,66,398.86
2026-03-25,10:23:37,66,398.86
2026-03-25,10:23:39,66,398.86
2026-03-25,10:23:41,66,398.86
2026-03-25,10:23:43,66,398.86
2026-03-25,10:23:45,66,398.86
2026-03-25,10:23:47,66,398.86
2026-03-25,10:23:49,66,398.86
2026-03-25,10:23:51,66,398.86
2026-03-25,10:23:53,66,398.86
2026-03-25,10:23:55,66,398.86
2026-03-25,10:23:57,66,398.86
2026-03-25,10:23:59,66,398.86
2026-03-25,10:24:01,67,417.03
2026-03-25,10:24:03,66,398.86
2026-03-25,10:24:05,66,398.86
2026-03-25,10:24:07,66,398.86
2026-03-25,10:24:09,66,398.86
2026-03-25,10:24:11,66,398.86
2026-03-25,10:24:13,66,398.86
2026-03-25,10:24:15,66,398.86
2026-03-25,10:24:17,66,398.86
2026-03-25,10:24:19,66,398.86
2026-03-25,10:24:21,66,398.86
2026-03-25,10:24:24,66,398.86
2026-03-25,10:24:26,66,398.86
2026-03-25,10:24:28,66,398.86
2026-03-25,10:24:30,66,398.86
2026-03-25,10:24:32,66,398.86
2026-03-25,10:24:34,66,398.86
2026-03-25,10:24:36,66,398.86
2026-03-25,10:24:38,66,398.86
2026-03-25,10:24:40,66,398.86
2026-03-25,10:24:42,66,398.86
2026-03-25,10:24:44,66,398.86
2026-03-25,10:24:46,66,398.86
2026-03-25,10:24:48,66,398.86
2026-03-25,10:24:50,66,398.86
2026-03-25,10:24:52,66,398.86
2026-03-25,10:24:54,66,398.86
2026-03-25,10:24:56,66,398.86
2026-03-25,10:24:58,66,398.86
2026-03-25,10:25:00,66,398.86
2026-03-25,10:25:02,67,417.03
2026-03-25,10:25:04,67,417.03
2026-03-25,10:25:06,67,417.03
2026-03-25,10:25:08,67,417.03
2026-03-25,10:25:10,67,417.03
2026-03-25,10:25:12,67,417.03
2026-03-25,10:25:14,67,417.03
2026-03-25,10:25:16,67,417.03
2026-03-25,10:25:18,67,417.03
2026-03-25,10:25:20,67,417.03
2026-03-25,10:25:22,66,398.86
2026-03-25,10:25:24,66,398.86
2026-03-25,10:25:26,66,398.86
2026-03-25,10:25:28,67,417.03
2026-03-25,10:25:30,67,417.03
2026-03-25,10:25:32,66,398.86
2026-03-25,10:25:34,66,398.86
2026-03-25,10:25:36,66,398.86
2026-03-25,10:25:38,68,435.75
2026-03-25,10:25:40,67,417.03
2026-03-25,10:25:42,66,398.86
2026-03-25,10:25:44,66,398.86
2026-03-25,10:25:46,67,417.03
2026-03-25,10:25:48,67,417.03
2026-03-25,10:25:50,67,417.03
2026-03-25,10:25:52,67,417.03
2026-03-25,10:25:54,66,398.86
2026-03-25,10:25:56,66,398.86
2026-03-25,10:25:58,67,417.03
2026-03-25,10:26:00,67,417.03
2026-03-25,10:26:02,67,417.03
2026-03-25,10:26:04,66,398.86
2026-03-25,10:26:06,66,398.86
2026-03-25,10:26:08,66,398.86
2026-03-25,10:26:10,66,398.86
2026-03-25,10:26:12,66,398.86
2026-03-25,10:26:14,66,398.86
2026-03-25,10:26:16,66,398.86
2026-03-25,10:26:18,66,398.86
2026-03-25,10:26:20,66,398.86
2026-03-25,10:26:22,66,398.86
2026-03-25,10:26:24,66,398.86
2026-03-25,10:26:26,66,398.86
2026-03-25,10:26:28,66,398.86
2026-03-25,10:26:30,66,398.86
2026-03-25,10:26:32,66,398.86
2026-03-25,10:26:34,66,398.86
2026-03-25,10:26:36,66,398.86
2026-03-25,10:26:38,66,398.86
2026-03-25,10:26:40,66,398.86
2026-03-25,10:26:42,66,398.86
2026-03-25,10:26:44,66,398.86
2026-03-25,10:26:46,66,398.86
2026-03-25,10:26:48,67,417.03
2026-03-25,10:26:50,66,398.86
2026-03-25,10:26:52,66,398.86
2026-03-25,10:26:54,66,398.86
2026-03-25,10:26:56,66,398.86
2026-03-25,10:26:58,66,398.86
2026-03-25,10:27:00,66,398.86
2026-03-25,10:27:02,66,398.86
2026-03-25,10:27:04,66,398.86
2026-03-25,10:27:06,66,398.86
2026-03-25,10:27:08,66,398.86
2026-03-25,10:27:10,67,417.03
2026-03-25,10:27:12,67,417.03
2026-03-25,10:27:14,66,398.86
2026-03-25,10:27:16,66,398.86
2026-03-25,10:27:18,66,398.86
2026-03-25,10:27:20,66,398.86
2026-03-25,10:27:22,66,398.86
2026-03-25,10:27:24,66,398.86
2026-03-25,10:27:26,66,398.86
2026-03-25,10:27:28,66,398.86
2026-03-25,10:27:30,66,398.86
2026-03-25,10:27:32,66,398.86
2026-03-25,10:27:34,56,245.89
2026-03-25,10:27:36,56,245.89
2026-03-25,10:27:38,57,258.98
2026-03-25,10:27:40,57,258.98
2026-03-25,10:27:42,57,258.98
2026-03-25,10:27:44,57,258.98
2026-03-25,10:27:46,57,258.98
2026-03-25,10:27:48,57,258.98
2026-03-25,10:27:50,57,258.98
2026-03-25,10:27:52,57,258.98
2026-03-25,10:27:54,57,258.98
2026-03-25,10:27:56,57,258.98
2026-03-25,10:27:58,57,258.98
2026-03-25,10:28:00,56,245.89
2026-03-25,10:28:02,56,245.89
2026-03-25,10:28:04,56,245.89
2026-03-25,10:28:06,56,245.89
2026-03-25,10:28:08,56,245.89
2026-03-25,10:28:10,56,245.89
2026-03-25,10:28:12,56,245.89
2026-03-25,10:28:14,56,245.89
2026-03-25,10:28:16,55,233.25
2026-03-25,10:28:18,55,233.25
2026-03-25,10:28:20,56,245.89
2026-03-25,10:28:22,56,245.89
2026-03-25,10:28:24,56,245.89
2026-03-25,10:28:26,56,245.89
2026-03-25,10:28:28,56,245.89
2026-03-25,10:28:30,56,245.89
2026-03-25,10:28:32,56,245.89
2026-03-25,10:28:34,56,245.89
2026-03-25,10:28:36,56,245.89
2026-03-25,10:28:38,56,245.89
2026-03-25,10:28:40,56,245.89
2026-03-25,10:28:42,56,245.89
2026-03-25,10:28:44,56,245.89
2026-03-25,10:28:46,56,245.89
2026-03-25,10:28:48,55,233.25
2026-03-25,10:28:50,55,233.25
2026-03-25,10:28:52,55,233.25
2026-03-25,10:28:54,55,233.25
2026-03-25,10:28:56,55,233.25
2026-03-25,10:28:58,55,233.25
2026-03-25,10:29:00,55,233.25
2026-03-25,10:29:02,55,233.25
2026-03-25,10:29:04,55,233.25
2026-03-25,10:29:06,39,86.04
2026-03-25,10:29:08,39,86.04
2026-03-25,10:29:10,39,86.04
2026-03-25,10:29:12,39,86.04
2026-03-25,10:29:14,39,86.04
2026-03-25,10:29:16,38,79.84
2026-03-25,10:29:18,38,79.84
2026-03-25,10:29:20,38,79.84
2026-03-25,10:29:22,38,79.84
2026-03-25,10:29:24,38,79.84
2026-03-25,10:29:26,38,79.84
2026-03-25,10:29:28,38,79.84
2026-03-25,10:29:30,38,79.84
2026-03-25,10:29:32,38,79.84
2026-03-25,10:29:34,38,79.84
2026-03-25,10:29:36,38,79.84
2026-03-25,10:29:38,38,79.84
2026-03-25,10:29:40,37,73.95
2026-03-25,10:29:42,38,79.84
2026-03-25,10:29:44,37,73.95
2026-03-25,10:29:46,37,73.95
2026-03-25,10:29:48,37,73.95
2026-03-25,10:29:50,37,73.95
2026-03-25,10:29:52,37,73.95
2026-03-25,10:29:54,37,73.95
2026-03-25,10:29:56,36,68.36
2026-03-25,10:29:58,37,73.95
2026-03-25,10:30:00,37,73.95
2026-03-25,10:30:02,36,68.36
2026-03-25,10:30:04,37,73.95
2026-03-25,10:30:06,37,73.95
2026-03-25,10:30:08,35,63.05
2026-03-25,10:30:10,35,63.05
2026-03-25,10:30:12,36,68.36
2026-03-25,10:30:14,36,68.36
2026-03-25,10:30:16,40,92.55
2026-03-25,10:30:18,37,73.95
2026-03-25,10:30:20,37,73.95
2026-03-25,10:30:22,39,86.04
2026-03-25,10:30:24,40,92.55
2026-03-25,10:30:26,75,583.33
2026-03-25,10:30:28,80,707.76
2026-03-25,10:30:30,78,655.98
2026-03-25,10:30:32,77,631.11
2026-03-25,10:30:34,73,538.12
2026-03-25,10:30:36,73,538.12
2026-03-25,10:30:38,73,538.12
2026-03-25,10:30:40,73,538.12
2026-03-25,10:30:42,73,538.12
2026-03-25,10:30:44,73,538.12
2026-03-25,10:30:46,73,538.12
2026-03-25,10:30:48,74,560.41
2026-03-25,10:30:50,74,560.41
2026-03-25,10:30:52,74,560.41
2026-03-25,10:30:54,74,560.41
2026-03-25,10:30:56,74,560.41
2026-03-25,10:30:58,74,560.41
2026-03-25,10:31:00,74,560.41
2026-03-25,10:31:02,74,560.41
2026-03-25,10:31:04,74,560.41
2026-03-25,10:31:06,74,560.41
2026-03-25,10:31:08,74,560.41
2026-03-25,10:31:10,74,560.41
2026-03-25,10:31:12,74,560.41
2026-03-25,10:31:14,74,560.41
2026-03-25,10:31:16,74,560.41
2026-03-25,10:31:18,74,560.41
2026-03-25,10:31:20,74,560.41
2026-03-25,10:31:22,74,560.41
2026-03-25,10:31:24,74,560.41
2026-03-25,10:31:26,74,560.41
2026-03-25,10:31:28,74,560.41
2026-03-25,10:31:30,75,583.33
2026-03-25,10:31:33,75,583.33
2026-03-25,10:31:35,75,583.33
2026-03-25,10:31:37,74,560.41
2026-03-25,10:31:39,42,106.53
2026-03-25,10:31:41,42,106.53
2026-03-25,10:31:43,42,106.53
2026-03-25,10:31:45,42,106.53
2026-03-25,10:31:47,42,106.53
2026-03-25,10:31:49,42,106.53
2026-03-25,10:31:51,42,106.53
2026-03-25,10:31:53,41,99.38
2026-03-25,10:31:55,41,99.38
2026-03-25,10:31:57,41,99.38
2026-03-25,10:31:59,41,99.38
2026-03-25,10:32:01,42,106.53
2026-03-25,10:32:03,40,92.55
2026-03-25,10:32:05,40,92.55
2026-03-25,10:32:07,39,86.04
2026-03-25,10:32:09,40,92.55
2026-03-25,10:32:11,40,92.55
2026-03-25,10:32:13,41,99.38
2026-03-25,10:32:15,40,92.55
2026-03-25,10:32:17,40,92.55
2026-03-25,10:32:19,40,92.55
2026-03-25,10:32:21,40,92.55
2026-03-25,10:32:23,40,92.55
2026-03-25,10:32:25,40,92.55
2026-03-25,10:32:27,41,99.38
2026-03-25,10:32:29,40,92.55
2026-03-25,10:32:31,39,86.04
2026-03-25,10:32:33,40,92.55
2026-03-25,10:32:35,39,86.04
2026-03-25,10:32:37,41,99.38
2026-03-25,10:32:39,40,92.55
2026-03-25,10:32:41,40,92.55
2026-03-25,10:32:43,40,92.55
2026-03-25,10:32:45,40,92.55
2026-03-25,10:32:47,40,92.55
2026-03-25,10:32:49,40,92.55
2026-03-25,10:32:51,40,92.55
2026-03-25,10:32:53,40,92.55
2026-03-25,10:32:55,40,92.55
2026-03-25,10:32:57,40,92.55
2026-03-25,10:32:59,40,92.55
2026-03-25,10:33:01,39,86.04
2026-03-25,10:33:03,40,92.55
2026-03-25,10:33:05,39,86.04
2026-03-25,10:33:07,40,92.55
2026-03-25,10:33:09,40,92.55
2026-03-25,10:33:11,39,86.04
2026-03-25,10:33:13,40,92.55
2026-03-25,10:33:15,40,92.55
2026-03-25,10:33:17,40,92.55
2026-03-25,10:33:19,40,92.55
2026-03-25,10:33:21,40,92.55
2026-03-25,10:33:23,40,92.55
2026-03-25,10:33:25,44,121.87
2026-03-25,10:33:27,44,121.87
2026-03-25,10:33:29,43,114.03
2026-03-25,10:33:31,43,114.03
2026-03-25,10:33:33,41,99.38
2026-03-25,10:33:35,39,86.04
2026-03-25,10:33:37,41,99.38
2026-03-25,10:33:39,54,221.06
2026-03-25,10:33:41,55,233.25
2026-03-25,10:33:43,55,233.25
2026-03-25,10:33:45,54,221.06
2026-03-25,10:33:47,53,209.31
2026-03-25,10:33:49,53,209.31
2026-03-25,10:33:51,53,209.31
2026-03-25,10:33:53,53,209.31
2026-03-25,10:33:55,53,209.31
2026-03-25,10:33:57,55,233.25
2026-03-25,10:33:59,52,197.99
2026-03-25,10:34:01,49,166.52
2026-03-25,10:34:03,50,176.61
2026-03-25,10:34:05,49,166.52
2026-03-25,10:34:07,47,147.54
2026-03-25,10:34:09,48,156.84
2026-03-25,10:34:11,49,166.52
2026-03-25,10:34:13,50,176.61
2026-03-25,10:34:15,50,176.61
2026-03-25,10:34:17,49,166.52
2026-03-25,10:34:19,49,166.52
2026-03-25,10:34:21,49,166.52
2026-03-25,10:34:23,49,166.52
2026-03-25,10:34:25,48,156.84
2026-03-25,10:34:27,48,156.84
2026-03-25,10:34:29,48,156.84
2026-03-25,10:34:31,47,147.54
2026-03-25,10:34:33,46,138.61
2026-03-25,10:34:35,47,147.54
2026-03-25,10:34:37,47,147.54
2026-03-25,10:34:39,46,138.61
2026-03-25,10:34:41,46,138.61
2026-03-25,10:34:43,46,138.61
2026-03-25,10:34:45,47,147.54
2026-03-25,10:34:47,46,138.61
2026-03-25,10:34:49,46,138.61
2026-03-25,10:34:51,46,138.61
2026-03-25,10:34:53,46,138.61
2026-03-25,10:34:55,46,138.61
2026-03-25,10:34:57,46,138.61
2026-03-25,10:34:59,46,138.61
2026-03-25,10:35:01,46,138.61
2026-03-25,10:35:03,46,138.61
2026-03-25,10:35:05,45,130.06
2026-03-25,10:35:07,46,138.61
2026-03-25,10:35:09,45,130.06
2026-03-25,10:35:11,45,130.06
2026-03-25,10:35:13,46,138.61
2026-03-25,10:35:15,46,138.61
2026-03-25,10:35:17,62,331.6
2026-03-25,10:35:19,61,316.09
2026-03-25,10:35:21,61,316.09
2026-03-25,10:35:23,60,301.08
2026-03-25,10:35:25,60,301.08
2026-03-25,10:35:27,60,301.08
2026-03-25,10:35:29,60,301.08
2026-03-25,10:35:31,61,316.09
2026-03-25,10:35:33,60,301.08
2026-03-25,10:35:35,60,301.08
2026-03-25,10:35:37,60,301.08
2026-03-25,10:35:39,60,301.08
2026-03-25,10:35:41,61,316.09
2026-03-25,10:35:43,48,156.84
2026-03-25,10:35:45,48,156.84
2026-03-25,10:35:47,48,156.84
2026-03-25,10:35:49,48,156.84
2026-03-25,10:35:51,48,156.84
2026-03-25,10:35:53,48,156.84
2026-03-25,10:35:55,48,156.84
2026-03-25,10:35:57,48,156.84
2026-03-25,10:35:59,48,156.84
2026-03-25,10:36:01,48,156.84
2026-03-25,10:36:03,48,156.84
2026-03-25,10:36:05,47,147.54
2026-03-25,10:36:07,47,147.54
2026-03-25,10:36:09,47,147.54
2026-03-25,10:36:11,47,147.54
2026-03-25,10:36:13,47,147.54
2026-03-25,10:36:15,46,138.61
2026-03-25,10:36:17,46,138.61
2026-03-25,10:36:19,47,147.54
2026-03-25,10:36:21,46,138.61
2026-03-25,10:36:23,47,147.54
2026-03-25,10:36:25,46,138.61
2026-03-25,10:36:27,46,138.61
2026-03-25,10:36:29,46,138.61
2026-03-25,10:36:31,47,147.54
2026-03-25,10:36:33,46,138.61
2026-03-25,10:36:35,46,138.61
2026-03-25,10:36:37,47,147.54
2026-03-25,10:36:39,48,156.84
2026-03-25,10:36:41,47,147.54
2026-03-25,10:36:43,47,147.54
2026-03-25,10:36:45,46,138.61
2026-03-25,10:36:47,47,147.54
2026-03-25,10:36:49,47,147.54
2026-03-25,10:36:51,47,147.54
2026-03-25,10:36:53,47,147.54
2026-03-25,10:36:55,46,138.61
2026-03-25,10:36:57,47,147.54
2026-03-25,10:36:59,47,147.54
2026-03-25,10:37:01,47,147.54
2026-03-25,10:37:03,47,147.54
2026-03-25,10:37:05,46,138.61
2026-03-25,10:37:07,46,138.61
2026-03-25,10:37:09,46,138.61
2026-03-25,10:37:11,46,138.61
2026-03-25,10:37:13,46,138.61
2026-03-25,10:37:15,46,138.61
2026-03-25,10:37:17,46,138.61
2026-03-25,10:37:19,45,130.06
2026-03-25,10:37:21,45,130.06
2026-03-25,10:37:23,45,130.06
2026-03-25,10:37:25,46,138.61
2026-03-25,10:37:27,45,130.06
2026-03-25,10:37:29,35,63.05
2026-03-25,10:37:31,35,63.05
2026-03-25,10:37:33,34,58.02
2026-03-25,10:37:35,34,58.02
2026-03-25,10:37:37,34,58.02
2026-03-25,10:37:39,34,58.02
2026-03-25,10:37:41,34,58.02
2026-03-25,10:37:43,34,58.02
2026-03-25,10:37:45,34,58.02
2026-03-25,10:37:47,34,58.02
2026-03-25,10:37:49,35,63.05
2026-03-25,10:37:51,34,58.02
2026-03-25,10:37:53,34,58.02
2026-03-25,10:37:55,34,58.02
2026-03-25,10:37:57,34,58.02
2026-03-25,10:37:59,34,58.02
2026-03-25,10:38:01,34,58.02
2026-03-25,10:38:03,34,58.02
2026-03-25,10:38:05,34,58.02
2026-03-25,10:38:07,34,58.02
2026-03-25,10:38:09,34,58.02
2026-03-25,10:38:11,34,58.02
2026-03-25,10:38:13,35,63.05
2026-03-25,10:38:15,35,63.05
2026-03-25,10:38:17,35,63.05
2026-03-25,10:38:19,35,63.05
2026-03-25,10:38:21,35,63.05
2026-03-25,10:38:23,35,63.05
2026-03-25,10:38:25,34,58.02
2026-03-25,10:38:27,35,63.05
2026-03-25,10:38:29,35,63.05
2026-03-25,10:38:31,35,63.05
2026-03-25,10:38:33,34,58.02
2026-03-25,10:38:35,34,58.02
2026-03-25,10:38:37,34,58.02
2026-03-25,10:38:39,34,58.02
2026-03-25,10:38:42,35,63.05
2026-03-25,10:38:44,34,58.02
2026-03-25,10:38:46,34,58.02
2026-03-25,10:38:48,34,58.02
2026-03-25,10:38:50,34,58.02
2026-03-25,10:38:52,34,58.02
2026-03-25,10:38:54,35,63.05
2026-03-25,10:38:56,35,63.05
2026-03-25,10:38:58,35,63.05
2026-03-25,10:39:00,35,63.05
2026-03-25,10:39:02,35,63.05
2026-03-25,10:39:04,36,68.36
2026-03-25,10:39:06,35,63.05
2026-03-25,10:39:08,35,63.05
2026-03-25,10:39:10,35,63.05
2026-03-25,10:39:12,35,63.05
2026-03-25,10:39:14,35,63.05
2026-03-25,10:39:16,35,63.05
2026-03-25,10:39:18,34,58.02
2026-03-25,10:39:20,35,63.05
2026-03-25,10:39:22,35,63.05
2026-03-25,10:39:24,35,63.05
2026-03-25,10:39:26,34,58.02
2026-03-25,10:39:28,35,63.05
2026-03-25,10:39:30,35,63.05
2026-03-25,10:39:32,35,63.05
2026-03-25,10:39:34,35,63.05
2026-03-25,10:39:36,35,63.05
2026-03-25,10:39:38,35,63.05
2026-03-25,10:39:40,35,63.05
2026-03-25,10:39:42,35,63.05
2026-03-25,10:39:44,37,73.95
2026-03-25,10:39:46,35,63.05
2026-03-25,10:39:48,35,63.05
2026-03-25,10:39:50,34,58.02
2026-03-25,10:39:52,35,63.05
2026-03-25,10:39:54,35,63.05
2026-03-25,10:39:56,34,58.02
2026-03-25,10:39:58,34,58.02
2026-03-25,10:40:00,35,63.05
2026-03-25,10:40:02,34,58.02
2026-03-25,10:40:04,34,58.02
2026-03-25,10:40:06,35,63.05
2026-03-25,10:40:08,35,63.05
2026-03-25,10:40:10,36,68.36
2026-03-25,10:40:12,35,63.05
2026-03-25,10:40:14,35,63.05
2026-03-25,10:40:16,35,63.05
2026-03-25,10:40:18,34,58.02
2026-03-25,10:40:20,34,58.02
2026-03-25,10:40:22,35,63.05
2026-03-25,10:40:24,35,63.05
2026-03-25,10:40:26,35,63.05
2026-03-25,10:40:28,35,63.05
2026-03-25,10:40:30,35,63.05
2026-03-25,10:40:32,35,63.05
2026-03-25,10:40:34,35,63.05
2026-03-25,10:40:36,35,63.05
2026-03-25,10:40:38,35,63.05
2026-03-25,10:40:40,35,63.05
2026-03-25,10:40:42,35,63.05
2026-03-25,10:40:44,36,68.36
2026-03-25,10:40:46,35,63.05
2026-03-25,10:40:48,35,63.05
2026-03-25,10:40:50,35,63.05
2026-03-25,10:40:52,35,63.05
2026-03-25,10:40:54,35,63.05
2026-03-25,10:40:56,35,63.05
2026-03-25,10:40:58,35,63.05
2026-03-25,10:41:00,35,63.05
2026-03-25,10:41:02,35,63.05
2026-03-25,10:41:04,35,63.05
2026-03-25,10:41:06,35,63.05
2026-03-25,10:41:08,35,63.05
2026-03-25,10:41:10,35,63.05
2026-03-25,10:41:12,35,63.05
2026-03-25,10:41:14,35,63.05
2026-03-25,10:41:16,35,63.05
2026-03-25,10:41:18,35,63.05
2026-03-25,10:41:20,35,63.05
2026-03-25,10:41:22,35,63.05
2026-03-25,10:41:24,35,63.05
2026-03-25,10:41:26,35,63.05
2026-03-25,10:41:28,35,63.05
2026-03-25,10:41:30,36,68.36
2026-03-25,10:41:32,36,68.36
2026-03-25,10:41:34,36,68.36
2026-03-25,10:41:36,36,68.36
2026-03-25,10:41:38,36,68.36
2026-03-25,10:41:40,36,68.36
2026-03-25,10:41:42,37,73.95
2026-03-25,10:41:44,34,58.02
2026-03-25,10:41:46,34,58.02
2026-03-25,10:41:48,34,58.02
2026-03-25,10:41:50,34,58.02
2026-03-25,10:41:52,34,58.02
2026-03-25,10:41:54,34,58.02
2026-03-25,10:41:56,34,58.02
2026-03-25,10:41:58,34,58.02
2026-03-25,10:42:00,34,58.02
2026-03-25,10:42:02,33,53.27
2026-03-25,10:42:04,34,58.02
2026-03-25,10:42:06,33,53.27
2026-03-25,10:42:08,33,53.27
2026-03-25,10:42:10,33,53.27
2026-03-25,10:42:12,33,53.27
2026-03-25,10:42:14,33,53.27
2026-03-25,10:42:16,33,53.27
2026-03-25,10:42:18,33,53.27
2026-03-25,10:42:20,33,53.27
2026-03-25,10:42:22,33,53.27
2026-03-25,10:42:24,33,53.27
2026-03-25,10:42:26,32,48.78
2026-03-25,10:42:28,33,53.27
2026-03-25,10:42:30,32,48.78
2026-03-25,10:42:32,32,48.78
2026-03-25,10:42:34,32,48.78
2026-03-25,10:42:36,32,48.78
2026-03-25,10:42:38,32,48.78
2026-03-25,10:42:40,32,48.78
2026-03-25,10:42:42,32,48.78
2026-03-25,10:42:44,32,48.78
2026-03-25,10:42:46,32,48.78
2026-03-25,10:42:48,32,48.78
2026-03-25,10:42:50,32,48.78
2026-03-25,10:42:52,32,48.78
2026-03-25,10:42:54,32,48.78
2026-03-25,10:42:56,32,48.78
2026-03-25,10:42:58,32,48.78
2026-03-25,10:43:00,32,48.78
2026-03-25,10:43:02,32,48.78
2026-03-25,10:43:04,32,48.78
2026-03-25,10:43:06,31,44.55
2026-03-25,10:43:08,32,48.78
2026-03-25,10:43:10,32,48.78
2026-03-25,10:43:12,32,48.78
2026-03-25,10:43:14,32,48.78
2026-03-25,10:43:16,32,48.78
2026-03-25,10:43:18,33,53.27
2026-03-25,10:43:20,32,48.78
2026-03-25,10:43:22,32,48.78
2026-03-25,10:43:24,32,48.78
2026-03-25,10:43:26,32,48.78
2026-03-25,10:43:28,32,48.78
2026-03-25,10:43:30,32,48.78
2026-03-25,10:43:32,32,48.78
2026-03-25,10:43:34,32,48.78
2026-03-25,10:43:36,32,48.78
2026-03-25,10:43:38,32,48.78
2026-03-25,10:43:40,32,48.78
2026-03-25,10:43:42,32,48.78
2026-03-25,10:43:44,32,48.78
2026-03-25,10:43:46,32,48.78
2026-03-25,10:43:48,32,48.78
2026-03-25,10:43:50,32,48.78
2026-03-25,10:43:52,32,48.78
2026-03-25,10:43:54,32,48.78
2026-03-25,10:43:56,31,44.55
2026-03-25,10:43:58,32,48.78
2026-03-25,10:44:00,31,44.55
2026-03-25,10:44:02,32,48.78
2026-03-25,10:44:04,32,48.78
2026-03-25,10:44:06,32,48.78
2026-03-25,10:44:08,32,48.78
2026-03-25,10:44:10,32,48.78
2026-03-25,10:44:12,32,48.78
2026-03-25,10:44:14,32,48.78
2026-03-25,10:44:16,32,48.78
2026-03-25,10:44:18,32,48.78
2026-03-25,10:44:20,32,48.78
2026-03-25,10:44:22,32,48.78
2026-03-25,10:44:24,32,48.78
2026-03-25,10:44:26,32,48.78
2026-03-25,10:44:28,32,48.78
2026-03-25,10:44:30,32,48.78
2026-03-25,10:44:32,32,48.78
2026-03-25,10:44:34,32,48.78
2026-03-25,10:44:36,32,48.78
2026-03-25,10:44:38,32,48.78
2026-03-25,10:44:40,32,48.78
2026-03-25,10:44:42,32,48.78
2026-03-25,10:44:44,32,48.78
2026-03-25,10:44:46,31,44.55
2026-03-25,10:44:49,32,48.78
2026-03-25,10:44:51,32,48.78
2026-03-25,10:44:53,32,48.78
2026-03-25,10:44:55,32,48.78
2026-03-25,10:44:57,32,48.78
2026-03-25,10:44:59,32,48.78
2026-03-25,10:45:01,32,48.78
2026-03-25,10:45:03,32,48.78
2026-03-25,10:45:05,32,48.78
2026-03-25,10:45:07,32,48.78
2026-03-25,10:45:09,32,48.78
2026-03-25,10:45:11,32,48.78
2026-03-25,10:45:13,32,48.78
2026-03-25,10:45:15,32,48.78
2026-03-25,10:45:17,32,48.78
2026-03-25,10:45:19,32,48.78
2026-03-25,10:45:21,32,48.78
2026-03-25,10:45:23,32,48.78
2026-03-25,10:45:25,32,48.78
2026-03-25,10:45:27,32,48.78
2026-03-25,10:45:29,32,48.78
2026-03-25,10:45:31,32,48.78
2026-03-25,10:45:33,32,48.78
2026-03-25,10:45:35,32,48.78
2026-03-25,10:45:37,32,48.78
2026-03-25,10:45:39,32,48.78
2026-03-25,10:45:41,32,48.78
2026-03-25,10:45:43,32,48.78
2026-03-25,10:45:45,32,48.78
2026-03-25,10:45:47,32,48.78
2026-03-25,10:45:49,32,48.78
2026-03-25,10:45:51,32,48.78
2026-03-25,10:45:53,32,48.78
2026-03-25,10:45:55,32,48.78
2026-03-25,10:45:57,32,48.78
2026-03-25,10:45:59,32,48.78
2026-03-25,10:46:01,32,48.78
2026-03-25,10:46:03,32,48.78
2026-03-25,10:46:05,32,48.78
2026-03-25,10:46:07,32,48.78
2026-03-25,10:46:09,32,48.78
2026-03-25,10:46:11,32,48.78
2026-03-25,10:46:13,32,48.78
2026-03-25,10:46:15,32,48.78
2026-03-25,10:46:17,32,48.78
2026-03-25,10:46:19,32,48.78
2026-03-25,10:46:21,32,48.78
2026-03-25,10:46:23,32,48.78
2026-03-25,10:46:25,33,53.27
2026-03-25,10:46:27,32,48.78
2026-03-25,10:46:29,32,48.78
2026-03-25,10:46:31,32,48.78
2026-03-25,10:46:33,32,48.78
2026-03-25,10:46:35,32,48.78
2026-03-25,10:46:37,32,48.78
2026-03-25,10:46:39,33,53.27
2026-03-25,10:46:41,32,48.78
2026-03-25,10:46:43,33,53.27
2026-03-25,10:46:45,33,53.27
2026-03-25,10:46:47,32,48.78
2026-03-25,10:46:49,32,48.78
2026-03-25,10:46:51,32,48.78
2026-03-25,10:46:53,33,53.27
2026-03-25,10:46:55,32,48.78
2026-03-25,10:46:57,33,53.27
2026-03-25,10:46:59,33,53.27
2026-03-25,10:47:01,32,48.78
2026-03-25,10:47:03,33,53.27
2026-03-25,10:47:05,33,53.27
2026-03-25,10:47:07,34,58.02
2026-03-25,10:47:09,33,53.27
2026-03-25,10:47:11,33,53.27
2026-03-25,10:47:13,33,53.27
2026-03-25,10:47:15,33,53.27
2026-03-25,10:47:17,33,53.27
2026-03-25,10:47:19,33,53.27
2026-03-25,10:47:21,33,53.27
2026-03-25,10:47:23,33,53.27
2026-03-25,10:47:25,33,53.27
2026-03-25,10:47:27,33,53.27
2026-03-25,10:47:29,33,53.27
2026-03-25,10:47:31,33,53.27
2026-03-25,10:47:33,33,53.27
2026-03-25,10:47:35,33,53.27
2026-03-25,10:47:37,33,53.27
2026-03-25,10:47:39,33,53.27
2026-03-25,10:47:41,33,53.27
2026-03-25,10:47:43,33,53.27
2026-03-25,10:47:45,33,53.27
2026-03-25,10:47:47,33,53.27
2026-03-25,10:47:49,33,53.27
2026-03-25,10:47:51,33,53.27
2026-03-25,10:47:53,33,53.27
2026-03-25,10:47:55,33,53.27
2026-03-25,10:47:57,33,53.27
2026-03-25,10:47:59,34,58.02
2026-03-25,10:48:01,33,53.27
2026-03-25,10:48:03,33,53.27
2026-03-25,10:48:05,33,53.27
2026-03-25,10:48:07,33,53.27
2026-03-25,10:48:09,34,58.02
2026-03-25,10:48:11,33,53.27
2026-03-25,10:48:13,33,53.27
2026-03-25,10:48:15,33,53.27
2026-03-25,10:48:17,33,53.27
2026-03-25,10:48:19,33,53.27
2026-03-25,10:48:21,33,53.27
2026-03-25,10:48:23,33,53.27
2026-03-25,10:48:25,33,53.27
2026-03-25,10:48:27,33,53.27
2026-03-25,10:48:29,33,53.27
2026-03-25,10:48:31,33,53.27
2026-03-25,10:48:33,33,53.27
2026-03-25,10:48:35,33,53.27
2026-03-25,10:48:37,33,53.27
2026-03-25,10:48:39,33,53.27
2026-03-25,10:48:41,33,53.27
2026-03-25,10:48:43,33,53.27
2026-03-25,10:48:45,33,53.27
2026-03-25,10:48:47,33,53.27
2026-03-25,10:48:49,33,53.27
2026-03-25,10:48:51,33,53.27
2026-03-25,10:48:53,34,58.02
2026-03-25,10:48:55,33,53.27
2026-03-25,10:48:57,33,53.27
2026-03-25,10:48:59,33,53.27
2026-03-25,10:49:01,33,53.27
2026-03-25,10:49:03,33,53.27
2026-03-25,10:49:05,33,53.27
2026-03-25,10:49:07,33,53.27
2026-03-25,10:49:09,33,53.27
2026-03-25,10:49:11,33,53.27
2026-03-25,10:49:13,33,53.27
2026-03-25,10:49:15,33,53.27
2026-03-25,10:49:17,33,53.27
2026-03-25,10:49:19,33,53.27
2026-03-25,10:49:21,33,53.27
2026-03-25,10:49:23,33,53.27
2026-03-25,10:49:25,33,53.27
2026-03-25,10:49:27,33,53.27
2026-03-25,10:49:29,33,53.27
2026-03-25,10:49:31,33,53.27
2026-03-25,10:49:33,33,53.27
2026-03-25,10:49:35,33,53.27
2026-03-25,10:49:37,33,53.27
2026-03-25,10:49:39,33,53.27
2026-03-25,10:49:41,33,53.27
2026-03-25,10:49:43,33,53.27
2026-03-25,10:49:45,33,53.27
2026-03-25,10:49:47,33,53.27
2026-03-25,10:49:49,33,53.27
2026-03-25,10:49:51,33,53.27
2026-03-25,10:49:53,33,53.27
2026-03-25,10:49:55,33,53.27
2026-03-25,10:49:57,33,53.27
2026-03-25,10:49:59,34,58.02
2026-03-25,10:50:01,34,58.02
2026-03-25,10:50:03,34,58.02
2026-03-25,10:50:05,34,58.02
2026-03-25,10:50:07,34,58.02
2026-03-25,10:50:09,34,58.02
2026-03-25,10:50:11,34,58.02
2026-03-25,10:50:13,34,58.02
2026-03-25,10:50:15,34,58.02
2026-03-25,10:50:17,34,58.02
2026-03-25,10:50:19,33,53.27
2026-03-25,10:50:21,33,53.27
2026-03-25,10:50:23,33,53.27
2026-03-25,10:50:25,33,53.27
2026-03-25,10:50:27,34,58.02
2026-03-25,10:50:29,33,53.27
2026-03-25,10:50:31,33,53.27
2026-03-25,10:50:33,33,53.27
2026-03-25,10:50:35,33,53.27
2026-03-25,10:50:37,33,53.27
2026-03-25,10:50:39,33,53.27
2026-03-25,10:50:41,33,53.27
2026-03-25,10:50:43,33,53.27
2026-03-25,10:50:45,33,53.27
2026-03-25,10:50:47,34,58.02
2026-03-25,10:50:49,34,58.02
2026-03-25,10:50:51,34,58.02
2026-03-25,10:50:53,34,58.02
2026-03-25,10:50:55,33,53.27
2026-03-25,10:50:57,34,58.02
2026-03-25,10:50:59,34,58.02
2026-03-25,10:51:01,33,53.27
2026-03-25,10:51:03,34,58.02
2026-03-25,10:51:05,34,58.02
2026-03-25,10:51:07,34,58.02
2026-03-25,10:51:09,34,58.02
2026-03-25,10:51:11,34,58.02
2026-03-25,10:51:13,34,58.02
2026-03-25,10:51:15,33,53.27
2026-03-25,10:51:17,34,58.02
2026-03-25,10:51:19,33,53.27
2026-03-25,10:51:21,34,58.02
2026-03-25,10:51:23,34,58.02
2026-03-25,10:51:25,34,58.02
2026-03-25,10:51:27,34,58.02
2026-03-25,10:51:29,34,58.02
2026-03-25,10:51:31,34,58.02
2026-03-25,10:51:33,34,58.02
2026-03-25,10:51:35,34,58.02
2026-03-25,10:51:37,34,58.02
2026-03-25,10:51:39,34,58.02
2026-03-25,10:51:41,34,58.02
2026-03-25,10:51:43,34,58.02
2026-03-25,10:51:45,34,58.02
2026-03-25,10:51:47,33,53.27
2026-03-25,10:51:49,34,58.02
2026-03-25,10:51:51,34,58.02
2026-03-25,10:51:53,34,58.02
2026-03-25,10:51:55,34,58.02
2026-03-25,10:51:57,34,58.02
2026-03-25,10:52:00,34,58.02
2026-03-25,10:52:02,34,58.02
2026-03-25,10:52:04,34,58.02
2026-03-25,10:52:06,34,58.02
2026-03-25,10:52:08,34,58.02
2026-03-25,10:52:10,34,58.02
2026-03-25,10:52:12,34,58.02
2026-03-25,10:52:14,34,58.02
2026-03-25,10:52:16,34,58.02
2026-03-25,10:52:18,33,53.27
2026-03-25,10:52:20,34,58.02
2026-03-25,10:52:22,33,53.27
2026-03-25,10:52:24,34,58.02
2026-03-25,10:52:26,34,58.02
2026-03-25,10:52:28,34,58.02
2026-03-25,10:52:30,34,58.02
2026-03-25,10:52:32,34,58.02
2026-03-25,10:52:34,34,58.02
2026-03-25,10:52:36,34,58.02
2026-03-25,10:52:38,33,53.27
2026-03-25,10:52:40,34,58.02
2026-03-25,10:52:42,34,58.02
2026-03-25,10:52:44,34,58.02
2026-03-25,10:52:46,34,58.02
2026-03-25,10:52:48,34,58.02
2026-03-25,10:52:50,34,58.02
2026-03-25,10:52:52,34,58.02
2026-03-25,10:52:54,34,58.02
2026-03-25,10:52:56,34,58.02
2026-03-25,10:52:58,35,63.05
2026-03-25,10:53:00,36,68.36
2026-03-25,10:53:02,35,63.05
2026-03-25,10:53:04,35,63.05
2026-03-25,10:53:06,34,58.02
2026-03-25,10:53:08,35,63.05
2026-03-25,10:53:10,34,58.02
2026-03-25,10:53:12,34,58.02
2026-03-25,10:53:14,35,63.05
2026-03-25,10:53:16,35,63.05
2026-03-25,10:53:18,34,58.02
2026-03-25,10:53:20,34,58.02
2026-03-25,10:53:22,34,58.02
2026-03-25,10:53:24,34,58.02
2026-03-25,10:53:26,35,63.05
2026-03-25,10:53:28,34,58.02
2026-03-25,10:53:30,34,58.02
2026-03-25,10:53:32,34,58.02
2026-03-25,10:53:34,34,58.02
2026-03-25,10:53:36,34,58.02
2026-03-25,10:53:38,34,58.02
2026-03-25,10:53:40,34,58.02
2026-03-25,10:53:42,34,58.02
2026-03-25,10:53:44,34,58.02
2026-03-25,10:53:46,34,58.02
2026-03-25,10:53:48,34,58.02
2026-03-25,10:53:50,34,58.02
2026-03-25,10:53:52,34,58.02
2026-03-25,10:53:54,34,58.02
2026-03-25,10:53:56,34,58.02
2026-03-25,10:53:58,34,58.02
2026-03-25,10:54:00,34,58.02
2026-03-25,10:54:02,34,58.02
2026-03-25,10:54:04,34,58.02
2026-03-25,10:54:06,35,63.05
2026-03-25,10:54:08,34,58.02
2026-03-25,10:54:10,34,58.02
2026-03-25,10:54:12,34,58.02
2026-03-25,10:54:14,34,58.02
2026-03-25,10:54:16,34,58.02
2026-03-25,10:54:18,34,58.02
2026-03-25,10:54:20,35,63.05
2026-03-25,10:54:22,34,58.02
2026-03-25,10:54:24,35,63.05
2026-03-25,10:54:26,35,63.05
2026-03-25,10:54:28,35,63.05
2026-03-25,10:54:30,35,63.05
2026-03-25,10:54:32,34,58.02
2026-03-25,10:54:34,35,63.05
2026-03-25,10:54:36,35,63.05
2026-03-25,10:54:38,35,63.05
2026-03-25,10:54:40,35,63.05
2026-03-25,10:54:42,35,63.05
2026-03-25,10:54:44,35,63.05
2026-03-25,10:54:46,35,63.05
2026-03-25,10:54:48,35,63.05
2026-03-25,10:54:50,35,63.05
2026-03-25,10:54:52,35,63.05
2026-03-25,10:54:54,34,58.02
2026-03-25,10:54:56,35,63.05
2026-03-25,10:54:58,35,63.05
2026-03-25,10:55:00,35,63.05
2026-03-25,10:55:02,35,63.05
2026-03-25,10:55:04,35,63.05
2026-03-25,10:55:06,35,63.05
2026-03-25,10:55:08,35,63.05
2026-03-25,10:55:10,35,63.05
2026-03-25,10:55:12,35,63.05
2026-03-25,10:55:14,35,63.05
2026-03-25,10:55:16,35,63.05
2026-03-25,10:55:18,35,63.05
2026-03-25,10:55:20,35,63.05
2026-03-25,10:55:22,35,63.05
2026-03-25,10:55:24,35,63.05
2026-03-25,10:55:26,35,63.05
2026-03-25,10:55:28,35,63.05
2026-03-25,10:55:30,35,63.05
2026-03-25,10:55:32,35,63.05
2026-03-25,10:55:34,35,63.05
2026-03-25,10:55:36,35,63.05
2026-03-25,10:55:38,35,63.05
2026-03-25,10:55:40,35,63.05
2026-03-25,10:55:42,35,63.05
2026-03-25,10:55:44,35,63.05
2026-03-25,10:55:46,35,63.05
2026-03-25,10:55:48,35,63.05
2026-03-25,10:55:50,35,63.05
2026-03-25,10:55:52,35,63.05
2026-03-25,10:55:54,35,63.05
2026-03-25,10:55:56,35,63.05
2026-03-25,10:55:58,35,63.05
2026-03-25,10:56:00,35,63.05
2026-03-25,10:56:02,34,58.02
2026-03-25,10:56:04,35,63.05
2026-03-25,10:56:06,35,63.05
2026-03-25,10:56:08,35,63.05
2026-03-25,10:56:10,35,63.05
2026-03-25,10:56:12,35,63.05
2026-03-25,10:56:14,35,63.05
2026-03-25,10:56:16,35,63.05
2026-03-25,10:56:18,35,63.05
2026-03-25,10:56:20,35,63.05
2026-03-25,10:56:22,35,63.05
2026-03-25,10:56:24,35,63.05
2026-03-25,10:56:26,35,63.05
2026-03-25,10:56:28,35,63.05
2026-03-25,10:56:30,35,63.05
2026-03-25,10:56:32,35,63.05
2026-03-25,10:56:34,35,63.05
2026-03-25,10:56:36,35,63.05
2026-03-25,10:56:38,35,63.05
2026-03-25,10:56:40,35,63.05
2026-03-25,10:56:42,35,63.05
2026-03-25,10:56:44,35,63.05
2026-03-25,10:56:46,35,63.05
2026-03-25,10:56:48,35,63.05
2026-03-25,10:56:50,35,63.05
2026-03-25,10:56:52,35,63.05
2026-03-25,10:56:54,35,63.05
2026-03-25,10:56:56,35,63.05
2026-03-25,10:56:58,35,63.05
2026-03-25,10:57:00,35,63.05
2026-03-25,10:57:02,35,63.05
2026-03-25,10:57:04,35,63.05
2026-03-25,10:57:06,35,63.05
2026-03-25,10:57:08,35,63.05
2026-03-25,10:57:10,35,63.05
2026-03-25,10:57:12,35,63.05
2026-03-25,10:57:14,35,63.05
2026-03-25,10:57:16,35,63.05
2026-03-25,10:57:18,36,68.36
2026-03-25,10:57:20,35,63.05
2026-03-25,10:57:22,35,63.05
2026-03-25,10:57:24,35,63.05
2026-03-25,10:57:26,35,63.05
2026-03-25,10:57:28,35,63.05
2026-03-25,10:57:30,35,63.05
2026-03-25,10:57:32,35,63.05
2026-03-25,10:57:34,35,63.05
2026-03-25,10:57:36,35,63.05
2026-03-25,10:57:38,35,63.05
2026-03-25,10:57:40,35,63.05
2026-03-25,10:57:42,35,63.05
2026-03-25,10:57:44,35,63.05
2026-03-25,10:57:46,35,63.05
2026-03-25,10:57:48,36,68.36
2026-03-25,10:57:50,35,63.05
2026-03-25,10:57:52,35,63.05
2026-03-25,10:57:54,35,63.05
2026-03-25,10:57:56,35,63.05
2026-03-25,10:57:58,35,63.05
2026-03-25,10:58:00,35,63.05
2026-03-25,10:58:02,35,63.05
2026-03-25,10:58:04,35,63.05
2026-03-25,10:58:06,35,63.05
2026-03-25,10:58:08,35,63.05
2026-03-25,10:58:10,35,63.05
2026-03-25,10:58:12,35,63.05
2026-03-25,10:58:14,35,63.05
2026-03-25,10:58:16,35,63.05
2026-03-25,10:58:18,35,63.05
2026-03-25,10:58:20,35,63.05
2026-03-25,10:58:22,35,63.05
2026-03-25,10:58:24,35,63.05
2026-03-25,10:58:26,35,63.05
2026-03-25,10:58:28,35,63.05
2026-03-25,10:58:30,35,63.05
2026-03-25,10:58:32,35,63.05
2026-03-25,10:58:34,35,63.05
2026-03-25,10:58:36,35,63.05
2026-03-25,10:58:38,35,63.05
2026-03-25,10:58:40,35,63.05
2026-03-25,10:58:42,35,63.05
2026-03-25,10:58:44,35,63.05
2026-03-25,10:58:46,35,63.05
2026-03-25,10:58:48,35,63.05
2026-03-25,10:58:50,35,63.05
2026-03-25,10:58:52,35,63.05
2026-03-25,10:58:54,35,63.05
2026-03-25,10:58:56,35,63.05
2026-03-25,10:58:58,35,63.05
2026-03-25,10:59:00,35,63.05
2026-03-25,10:59:02,35,63.05
2026-03-25,10:59:04,35,63.05
2026-03-25,10:59:06,35,63.05
2026-03-25,10:59:08,35,63.05
2026-03-25,10:59:10,35,63.05
2026-03-25,10:59:12,36,68.36
2026-03-25,10:59:14,35,63.05
2026-03-25,10:59:16,35,63.05
2026-03-25,10:59:18,35,63.05
2026-03-25,10:59:20,35,63.05
2026-03-25,10:59:22,36,68.36
2026-03-25,10:59:25,35,63.05
2026-03-25,10:59:27,35,63.05
2026-03-25,10:59:29,35,63.05
2026-03-25,10:59:31,35,63.05
2026-03-25,10:59:33,36,68.36
2026-03-25,10:59:35,36,68.36
